voter,rule,session,w1,w2,w3,w4,t1,t2,t3,t4
V01,qv,A1,6,5,6,10,22,19,22,37
V02,qv,A1,4,9,10,5,14,32,36,18
V03,qv,A1,4,10,7,1,18,45,32,5
V04,qv,A1,4,4,2,10,20,20,10,50
V05,qv,A1,0,5,10,1,0,31,63,6
V06,qv,A1,10,3,5,4,45,14,23,18
V07,qv,A2,3,8,0,10,14,38,0,48
V08,qv,A2,0,2,2,10,0,14,14,72
V09,qv,A2,4,2,8,10,17,8,33,42
V10,qv,A2,2,9,10,1,9,41,45,5
V11,qv,A2,2,10,4,5,10,48,19,23
V12,qv,A2,7,10,2,5,29,42,8,21
V13,qv,A3,5,10,6,0,24,48,28,0
V14,qv,A3,4,5,10,4,17,22,44,17
V15,qv,A3,10,10,5,3,36,36,18,10
V16,qv,A3,4,3,10,4,19,14,48,19
V17,qv,A3,1,5,10,0,6,31,63,0
V18,qv,A3,2,6,1,10,10,32,5,53
V19,qv,A4,0,1,6,10,0,0,20,80
V20,qv,A4,10,0,2,2,100,0,0,0
V21,qv,A4,7,10,1,3,25,75,0,0
V22,qv,A4,3,1,2,10,0,0,0,100
V23,qv,A4,10,4,1,5,80,0,0,20
V24,qv,A4,6,10,2,5,25,75,0,0
V01,linear,B1,6,5,6,10,22,19,22,37
V02,linear,B1,4,9,10,5,14,32,36,18
V03,linear,B1,4,10,7,1,18,45,32,5
V04,linear,B1,4,4,2,10,20,20,10,50
V05,linear,B1,0,5,10,1,0,31,63,6
V06,linear,B1,10,3,5,4,45,14,23,18
V07,linear,B2,3,8,0,10,14,38,0,48
V08,linear,B2,0,2,2,10,0,14,14,72
V09,linear,B2,4,2,8,10,17,8,33,42
V10,linear,B2,2,9,10,1,9,41,45,5
V11,linear,B2,2,10,4,5,9,48,19,24
V12,linear,B2,7,10,2,5,29,42,8,21
V13,linear,B3,5,10,6,0,23,48,29,0
V14,linear,B3,4,5,10,4,17,22,44,17
V15,linear,B3,10,10,5,3,35,36,18,11
V16,linear,B3,4,3,10,4,19,14,48,19
V17,linear,B3,1,5,10,0,6,31,63,0
V18,linear,B3,2,6,1,10,10,32,5,53
V19,linear,B4,0,1,6,10,0,6,35,59
V20,linear,B4,10,0,2,2,71,0,14,15
V21,linear,B4,7,10,1,3,33,48,5,14
V22,linear,B4,3,1,2,10,19,6,12,63
V23,linear,B4,10,4,1,5,50,20,5,25
V24,linear,B4,6,10,2,5,26,43,9,22
