round,cond,quadratic,same,votes_given,hhi,top_share,n_nonzero,qv_mass,top_choice
1,quadratic-equal,1,1,100,0.42000000000000004,0.5,3,1.6557900792370615,2
1,quadratic-equal,1,1,100,0.30000000000000004,0.4,4,1.9436194510556377,2
1,quadratic-equal,1,1,100,0.27499999999999997,0.35,4,1.9738424659358271,1
1,quadratic-equal,1,1,100,0.6800000000000002,0.8,2,1.3416407864998738,3
1,quadratic-equal,1,1,100,0.3888888888888889,0.5,3,1.6927053408400363,2
1,quadratic-equal,1,1,100,0.2644444444444445,0.3333333333333333,4,1.9850422306874589,2
1,quadratic-equal,1,1,100,0.58,0.7,2,1.3843825840392416,4
1,quadratic-equal,1,1,100,0.6800000000000002,0.8,2,1.3416407864998738,4
1,quadratic-equal,1,1,100,0.385,0.5,4,1.8385493232633259,4
1,quadratic-early,1,0,400,0.6800000000000002,0.8,2,1.3416407864998738,3
1,quadratic-early,1,0,25,0.3333333333333333,0.3333333333333333,3,1.7320508075688772,2
1,quadratic-early,1,0,400,0.38156249999999997,0.5125,3,1.7032307704042657,3
1,quadratic-early,1,0,400,0.6213017751479291,0.7692307692307693,3,1.5466403876960118,4
1,quadratic-early,1,0,25,1.0,1.0,1,1.0,3
1,quadratic-early,1,0,25,0.4319526627218936,0.46153846153846156,3,1.6360825390861296,3
1,quadratic-early,1,0,25,0.264,0.32,4,1.9847336357187917,3
1,quadratic-early,1,0,400,0.59125,0.75,4,1.6852989001661824,4
1,quadratic-early,1,0,400,0.59875,0.75,3,1.5582166958040595,4
1,ranked-equal,0,1,100,0.5050000000000001,0.55,2,1.4124402419595032,1
1,ranked-equal,0,1,100,0.38,0.5,3,1.7020429341916716,4
1,ranked-equal,0,1,100,0.3526,0.39,3,1.7180411756620226,3
1,ranked-equal,0,1,100,0.49500000000000005,0.65,3,1.622453540846693,1
1,ranked-equal,0,1,100,0.2777777777777778,0.3333333333333333,4,1.9711971193069775,2
1,ranked-equal,0,1,100,0.44000000000000006,0.6,3,1.6690238602413991,2
1,ranked-equal,0,1,100,0.41500000000000004,0.45,3,1.6578685525167118,2
1,ranked-early,0,0,25,0.375,0.5,3,1.7071067811865475,3
1,ranked-early,0,0,400,0.5,0.5,2,1.4142135623730951,2
1,ranked-early,0,0,25,1.0,1.0,1,1.0,3
1,ranked-early,0,0,400,0.46875,0.625,3,1.6441228056353687,2
1,ranked-early,0,0,400,0.595,0.75,3,1.5695515044220183,2
1,ranked-early,0,0,400,0.3828125,0.5,3,1.6991364774537143,2
1,ranked-early,0,0,400,0.6015625,0.75,3,1.549038105676658,2
1,quadratic-equal,1,1,100,0.5002,0.51,2,1.414142842854285,3
1,quadratic-equal,1,1,100,0.271,0.37,4,1.98069583979397,1
1,quadratic-equal,1,1,100,0.345,0.45,4,1.8948839035935743,4
1,quadratic-equal,1,1,100,0.4134,0.59,4,1.848953443419246,3
1,quadratic-equal,1,1,100,0.35459999999999997,0.51,4,1.9008276877768004,3
1,quadratic-equal,1,1,100,0.3434,0.48,4,1.9014778508363621,3
1,quadratic-equal,1,1,100,0.3094,0.44,4,1.9407792828199657,3
1,quadratic-equal,1,1,100,0.3522,0.51,4,1.9045363475485173,3
1,quadratic-equal,1,1,100,0.29500000000000004,0.4,4,1.9486832980505138,2
1,quadratic-equal,1,1,100,0.31,0.35,4,1.9068227543699021,3
1,quadratic-equal,1,1,100,0.30000000000000004,0.4,4,1.9436194510556377,3
1,quadratic-equal,1,1,100,0.5357999999999999,0.7,4,1.7216538338973804,3
1,quadratic-equal,1,1,100,0.3026,0.42,4,1.9480546238523722,1
1,quadratic-equal,1,1,100,0.30000000000000004,0.4,4,1.9436194510556377,3
1,quadratic-equal,1,1,100,0.31500000000000006,0.45,4,1.934261754766733,1
1,quadratic-equal,1,1,100,0.29500000000000004,0.4,4,1.948683298050514,3
1,quadratic-equal,1,1,100,0.27499999999999997,0.35,4,1.9738424659358271,1
1,quadratic-early,1,0,25,0.7151999999999998,0.84,4,1.5993578514657871,3
1,quadratic-early,1,0,25,0.48160000000000003,0.64,3,1.636308110070411,4
1,quadratic-early,1,0,400,0.4124125,0.455,4,1.780574155513282,1
1,quadratic-early,1,0,25,0.5040000000000001,0.68,4,1.7710312866373075,3
1,quadratic-early,1,0,25,0.3664,0.48,3,1.7118685337971047,2
1,quadratic-early,1,0,25,0.3344,0.48,4,1.9127745795587634,3
1,quadratic-early,1,0,25,0.44639999999999996,0.6,4,1.7865896439290205,3
1,quadratic-early,1,0,25,0.2736,0.36,4,1.976363857712876,3
1,quadratic-early,1,0,25,0.42719999999999997,0.6,4,1.8218102647414411,2
1,quadratic-early,1,0,25,0.2928000000000001,0.4,4,1.9552295512603273,1
1,quadratic-early,1,0,25,0.2896000000000001,0.4,4,1.9616057942465939,1
1,quadratic-early,1,0,400,0.5003287310979618,0.5128205128205128,2,1.4140973144915456,4
1,quadratic-early,1,0,400,0.4527397217678995,0.49875311720698257,4,1.6494734174574477,4
1,quadratic-early,1,0,400,0.572287814658053,0.7164179104477612,3,1.5466962012131182,3
1,quadratic-early,1,0,25,0.39795918367346933,0.5714285714285714,4,1.8640647108263817,3
1,ranked-equal,0,1,100,0.3422,0.5,4,1.9125779461820895,1
1,ranked-equal,0,1,100,0.26160000000000005,0.34,4,1.9892483095234665,1
1,ranked-equal,0,1,100,0.38,0.5,3,1.7020429341916716,3
1,ranked-equal,0,1,100,0.3126,0.44,4,1.9350578607126485,3
1,ranked-equal,0,1,100,0.302,0.41,4,1.93951081834522,3
1,ranked-equal,0,1,100,0.7325999999999999,0.85,4,1.5633758019665982,4
1,ranked-equal,0,1,100,0.2674,0.33,4,1.9808028100440982,3
1,ranked-equal,0,1,100,0.294,0.43,4,1.9622018788416173,3
1,ranked-equal,0,1,100,0.28740000000000004,0.37,4,1.9612600125998014,3
1,ranked-equal,0,1,100,0.315,0.45,4,1.934261754766733,3
1,ranked-equal,0,1,100,0.629,0.78,4,1.6562599219056342,3
1,ranked-equal,0,1,100,0.585,0.75,4,1.7220877335680933,3
1,ranked-equal,0,1,100,0.29619999999999996,0.41,4,1.9509184301204465,2
1,ranked-equal,0,1,100,0.375,0.5,3,1.7071067811865475,3
1,ranked-equal,0,1,100,0.3358,0.42,4,1.9027604843843833,1
1,ranked-equal,0,1,100,0.37500000000000006,0.45,4,1.8431104890504297,2
1,ranked-equal,0,1,100,0.315,0.4,4,1.927589610981217,3
1,ranked-equal,0,1,100,0.27499999999999997,0.35,4,1.9738424659358274,1
1,ranked-equal,0,1,100,0.37885343428880486,0.5232558139534884,4,1.8262492562681463,2
1,ranked-equal,0,1,100,0.38,0.5,3,1.7020429341916716,2
1,ranked-early,0,0,25,0.3088,0.4,4,1.9281972649574908,3
1,ranked-early,0,0,25,0.28,0.4,4,1.9740963185335496,1
1,ranked-early,0,0,25,0.3600000000000001,0.4,3,1.7121246595673099,3
1,ranked-early,0,0,25,0.3664,0.48,3,1.7118685337971047,2
1,ranked-early,0,0,25,0.3344,0.48,4,1.9127745795587634,3
1,ranked-early,0,0,25,0.5104000000000001,0.68,4,1.754677433098109,3
1,ranked-early,0,0,400,0.43894999999999995,0.515,3,1.6318087072162342,4
1,ranked-early,0,0,25,0.5264000000000001,0.68,3,1.5973617861547869,3
1,ranked-early,0,0,25,0.34720000000000006,0.52,4,1.921110255092798,3
1,ranked-early,0,0,25,0.31840000000000007,0.4,4,1.8907560564595123,3
1,ranked-early,0,0,25,0.7152,0.84,4,1.599357851465787,3
1,ranked-early,0,0,25,0.3792000000000001,0.56,4,1.8947416388685636,3
1,ranked-early,0,0,25,0.29280000000000006,0.4,4,1.9552295512603273,1
1,ranked-early,0,0,25,0.35040000000000004,0.48,4,1.869184180740427,4
1,ranked-early,0,0,400,0.2582375,0.3125,4,1.9917221050404736,3
1,ranked-early,0,0,25,0.9232,0.96,2,1.1797958971132712,1
1,ranked-early,0,0,25,0.4528,0.6,3,1.650157092968177,4
1,ranked-early,0,0,25,0.26080000000000003,0.28,4,1.9874507866387545,2
2,ranked-early,0,0,25,0.28,0.4,4,1.9740963185335496,1
2,ranked-early,0,0,400,0.26820336811913037,0.32981530343007914,4,1.9798102656176482,3
2,quadratic-early,1,0,400,0.4124125,0.455,4,1.780574155513282,1
2,ranked-equal,0,1,100,0.7325999999999999,0.85,4,1.5633758019665982,4
2,quadratic-equal,1,1,100,0.3522,0.51,4,1.9045363475485173,3
2,quadratic-equal,1,1,100,0.4302,0.55,4,1.7781768012978456,4
2,quadratic-equal,1,1,100,0.3888888888888889,0.5,3,1.6927053408400363,2
2,quadratic-early,1,0,25,0.3344,0.48,4,1.9127745795587634,3
2,quadratic-early,1,0,400,0.3848129325259515,0.45955882352941174,4,1.7971686452258386,3
2,quadratic-early,1,0,25,0.3728,0.48,3,1.7057193434767468,4
2,ranked-early,0,0,400,0.4183813443072702,0.582010582010582,4,1.8139205575707393,3
2,quadratic-equal,1,1,100,0.345,0.5,4,1.9106328818241272,4
2,quadratic-equal,1,1,100,0.5813999999999999,0.72,4,1.5899494936611664,4
2,quadratic-equal,1,1,100,0.4302,0.55,4,1.7781768012978456,2
2,ranked-early,0,0,400,0.33322010869565216,0.48641304347826086,4,1.9238933988407392,3
2,ranked-equal,0,1,100,0.4822000000000001,0.65,4,1.727605109007207,3
2,ranked-early,0,0,25,0.5648000000000001,0.68,2,1.3903065500727703,3
2,ranked-equal,0,1,100,0.302,0.41,4,1.93951081834522,3
2,quadratic-equal,1,1,100,0.5399999999999999,0.7,3,1.6001013880508714,4
2,quadratic-early,1,0,400,0.6753125000000001,0.8,3,1.4392432917671245,4
2,quadratic-equal,1,1,100,0.25,0.25,4,2.0,1
2,ranked-early,0,0,25,0.264,0.32,4,1.9847336357187917,2
2,ranked-early,0,0,25,0.44960000000000006,0.56,3,1.6311741898294074,2
2,ranked-early,0,0,25,0.52,0.6,2,1.4070522012751594,2
2,ranked-early,0,0,400,0.2734375,0.375,4,1.978397839480233,1
2,ranked-equal,0,1,100,0.3358,0.5,4,1.9271860667946705,4
2,ranked-early,0,0,25,0.34080000000000005,0.4,3,1.7272912191958323,4
2,ranked-equal,0,1,100,0.5351999999999999,0.7,4,1.7288225963123514,4
2,quadratic-early,1,0,25,0.5392,0.64,2,1.4,4
2,quadratic-equal,1,1,100,0.38,0.5,3,1.7020429341916716,4
2,ranked-early,0,0,25,0.7152,0.84,4,1.599357851465787,3
2,ranked-equal,0,1,100,0.5381999999999999,0.7,4,1.6838736220340333,3
2,ranked-equal,0,1,100,0.34500000000000003,0.4,3,1.7240635103436377,3
2,quadratic-early,1,0,25,0.29280000000000006,0.4,4,1.9552295512603273,1
2,ranked-early,0,0,25,0.3472,0.4,3,1.7223534805903116,2
2,quadratic-early,1,0,400,0.28125,0.375,4,1.9659258262890682,2
2,quadratic-early,1,0,25,0.3376,0.44,4,1.876223978520276,2
2,ranked-equal,0,1,100,0.6552000000000001,0.8,4,1.6556039312950714,4
2,ranked-equal,0,1,100,0.42000000000000004,0.5,3,1.6557900792370615,3
2,quadratic-early,1,0,400,0.37458749999999996,0.5075,4,1.7941765697186183,4
2,ranked-equal,0,1,25,0.7311999999999999,0.84,2,1.316515138991168,3
2,ranked-early,0,0,25,0.3600000000000001,0.4,3,1.7121246595673096,2
2,ranked-early,0,0,25,0.7888,0.88,2,1.2844933134784613,3
2,quadratic-early,1,0,25,0.44000000000000006,0.6,3,1.6690238602413991,3
2,quadratic-equal,1,1,100,0.38484987044657826,0.43209876543209874,3,1.69012592145363,4
2,ranked-equal,0,1,100,0.4306,0.61,4,1.8427437546007823,4
2,ranked-equal,0,1,100,0.36,0.5,4,1.8872848707253895,2
2,quadratic-equal,1,1,100,0.3266,0.39,4,1.8521601942957657,2
2,ranked-early,0,0,25,0.2896,0.32,4,1.9433638245860132,2
2,quadratic-equal,1,1,100,0.3022,0.36,4,1.9213406528319834,4
2,quadratic-early,1,0,400,0.34875,0.5,4,1.8992980732061684,3
2,ranked-early,0,0,25,0.39520000000000005,0.56,4,1.8427586683547041,1
2,quadratic-equal,1,1,100,0.3106,0.41,4,1.9271451680008642,2
2,quadratic-early,1,0,25,0.6800000000000002,0.8,2,1.3416407864998738,2
2,quadratic-equal,1,1,100,0.34,0.5,4,1.9177617382033014,3
2,quadratic-early,1,0,25,0.6800000000000002,0.8,2,1.3416407864998738,3
2,quadratic-equal,1,1,100,0.47600000000000003,0.66,4,1.8158224531293847,3
2,ranked-equal,0,1,100,0.30000000000000004,0.4,4,1.9436194510556377,4
2,quadratic-equal,1,1,100,0.375,0.5,3,1.7071067811865475,3
2,quadratic-early,1,0,25,0.44,0.6,3,1.6690238602413991,4
2,ranked-equal,0,1,100,0.4102,0.45,4,1.7865897607781918,3
2,quadratic-equal,1,1,100,0.2514,0.28,4,1.9986313631008255,1
2,quadratic-early,1,0,25,0.29280000000000006,0.4,4,1.9552295512603273,3
2,ranked-equal,0,1,100,0.4792,0.6,3,1.6026408330043314,4
2,quadratic-early,1,0,25,0.4624,0.48,3,1.5856406460551018,2
2,quadratic-equal,1,1,100,0.5592,0.7,3,1.5465619778933541,1
2,quadratic-equal,1,1,100,0.4232,0.56,3,1.6702197735373487,4
2,quadratic-equal,1,1,100,0.365,0.45,3,1.7096419670598566,3
2,quadratic-early,1,0,25,0.2544,0.28,4,1.99541206848243,1
2,quadratic-early,1,0,400,0.3984375,0.5625,4,1.8535533905932737,4
2,ranked-equal,0,1,100,0.30500000000000005,0.45,4,1.9525459188705945,4
2,ranked-equal,0,1,100,0.5032000000000001,0.66,3,1.6185295550370697,2
2,ranked-equal,0,1,100,0.58,0.7,2,1.3843825840392416,3
2,ranked-early,0,0,25,0.3952,0.44,4,1.8094926286167792,2
2,ranked-early,0,0,25,0.34080000000000005,0.4,3,1.727291219195832,3
