round,cond,n,aggregator,share_1,share_2,share_3,share_4,winner,tie,margin_top2,p_win_1,p_win_2,p_win_3,p_win_4,p_win_winner
1,quadratic-equal,26,borda,0.18269230769230768,0.23397435897435898,0.34294871794871795,0.2403846153846154,3,False,0.10256410256410256,0.006,0.0315,0.9505,0.012,0.9505
1,quadratic-equal,26,copeland,0.16666666666666666,0.16666666666666666,0.5,0.16666666666666666,3,False,0.33333333333333337,0.0075,0.146,0.8385,0.008,0.8385
1,quadratic-equal,26,plurality,0.19230769230769232,0.19230769230769232,0.4423076923076923,0.17307692307692307,3,False,0.24999999999999997,0.046,0.0405,0.8995,0.014,0.8995
1,quadratic-equal,26,qv_equalised,0.1905730604383373,0.2170165816334157,0.31495896867204776,0.2774513892561991,3,False,0.037507579415848646,0.0,0.0015,0.921,0.0775,0.921
1,quadratic-equal,26,qv_votes,0.19668323810088487,0.20633506332008264,0.3166742308408235,0.280307467738209,3,False,0.0363667631026145,0.0,0.0005,0.8975,0.102,0.8975
1,quadratic-equal,26,tokens,0.18030690537084398,0.17689684569479966,0.3567774936061381,0.28601875532821824,3,False,0.07075873827791984,0.0005,0.0005,0.874,0.125,0.874
1,quadratic-equal,26,tokens_equalised,0.17064102564102562,0.20051282051282046,0.35064102564102567,0.2782051282051282,3,False,0.07243589743589746,0.0,0.0035,0.901,0.0955,0.901
1,quadratic-early,24,borda,0.10069444444444445,0.22916666666666666,0.3958333333333333,0.2743055555555556,3,False,0.12152777777777773,0.0,0.0,0.999,0.001,0.999
1,quadratic-early,24,copeland,0.0,0.16666666666666666,0.5,0.3333333333333333,3,False,0.16666666666666669,0.0,0.0,0.987,0.013,0.987
1,quadratic-early,24,plurality,0.12500000000000003,0.09722222222222222,0.4930555555555556,0.28472222222222227,3,False,0.20833333333333331,0.0035,0.0005,0.904,0.092,0.904
1,quadratic-early,24,qv_equalised,0.11693728853593775,0.2190335903445904,0.37933685208899715,0.2846922690304748,3,False,0.09464458305852236,0.0,0.0,0.9845,0.0155,0.9845
1,quadratic-early,24,qv_votes,0.09605918867538742,0.1872447543484637,0.37054028492825647,0.34615577204789244,3,False,0.02438451288036403,0.0,0.0,0.658,0.342,0.658
1,quadratic-early,24,tokens,0.06768433179723503,0.0930299539170507,0.388536866359447,0.4507488479262673,4,False,0.062211981566820285,0.0,0.0,0.3135,0.6865,0.6865
1,quadratic-early,24,tokens_equalised,0.09141343070894194,0.17332033588167975,0.44240090513583546,0.29286532827354284,3,False,0.14953557686229263,0.0,0.0,0.964,0.036,0.964
1,ranked-equal,27,borda,0.15432098765432098,0.3055555555555556,0.3395061728395062,0.2006172839506173,3,False,0.0339506172839506,0.001,0.2335,0.765,0.0005,0.765
1,ranked-equal,27,copeland,0.0,0.3333333333333333,0.5,0.16666666666666666,3,False,0.16666666666666669,0.0025,0.2275,0.769,0.001,0.769
1,ranked-equal,27,plurality,0.2222222222222222,0.2222222222222222,0.4444444444444444,0.1111111111111111,3,False,0.2222222222222222,0.073,0.0585,0.8675,0.001,0.8675
1,ranked-equal,27,qv_equalised,0.1850898775054794,0.2630285407654843,0.3090117668053988,0.24286981492363763,3,False,0.045983226039914504,0.001,0.0485,0.93,0.0205,0.93
1,ranked-equal,27,qv_votes,0.17907977100240716,0.2662280985184151,0.3091402296259847,0.245551900853193,3,False,0.042912131107569584,0.0005,0.053,0.923,0.0235,0.923
1,ranked-equal,27,tokens,0.1584590945194599,0.2732327243844321,0.3431294678316124,0.22517871326449562,3,False,0.06989674344718033,0.0005,0.0775,0.896,0.026,0.896
1,ranked-equal,27,tokens_equalised,0.1696267585414872,0.26839219064025266,0.340091874820557,0.22188917599770314,3,False,0.07169968418030437,0.001,0.076,0.902,0.021,0.902
1,ranked-early,25,borda,0.09666666666666666,0.29333333333333333,0.35,0.26,3,False,0.05666666666666664,0.0,0.142,0.844,0.014,0.844
1,ranked-early,25,copeland,0.0,0.3333333333333333,0.5,0.16666666666666666,3,False,0.16666666666666669,0.0,0.166,0.8155,0.0185,0.8155
1,ranked-early,25,plurality,0.12000000000000002,0.23333333333333336,0.47333333333333344,0.17333333333333334,3,False,0.24000000000000007,0.0025,0.0715,0.913,0.013,0.913
1,ranked-early,25,qv_equalised,0.12941648724111646,0.2917218419291904,0.3181676914901544,0.26069397933953886,3,False,0.02644584956096402,0.0,0.2975,0.6855,0.017,0.6855
1,ranked-early,25,qv_votes,0.09080109952181831,0.3622944569517443,0.25386107785384593,0.2930433656725915,2,False,0.0692510912791528,0.0,0.949,0.027,0.024,0.949
1,ranked-early,25,tokens,0.044617784711388456,0.49453978159126366,0.16536661466458658,0.2954758190327613,2,False,0.19906396255850234,0.0,0.9775,0.001,0.0215,0.9775
1,ranked-early,25,tokens_equalised,0.11329999999999998,0.28840000000000005,0.35569999999999996,0.24259999999999998,3,False,0.06729999999999992,0.0005,0.2165,0.77,0.013,0.77
2,quadratic-equal,20,borda,0.10833333333333334,0.2625,0.3125,0.31666666666666665,4,False,0.004166666666666652,0.0,0.0905,0.4295,0.48,0.48
2,quadratic-equal,20,copeland,0.0,0.16666666666666666,0.3333333333333333,0.5,4,False,0.16666666666666669,0.0005,0.2,0.233,0.5665,0.5665
2,quadratic-equal,20,plurality,0.1125,0.2125,0.2625,0.4125,4,False,0.14999999999999997,0.0095,0.112,0.1845,0.694,0.694
2,quadratic-equal,20,qv_equalised,0.1436186527364291,0.25351331613065164,0.29404736829031025,0.3088206628426089,4,False,0.014773294552298644,0.0,0.0375,0.305,0.6575,0.6575
2,quadratic-equal,20,qv_votes,0.1496838735542729,0.2475150594580467,0.2918526454374187,0.3109484215502617,4,False,0.01909577611284302,0.0005,0.0255,0.267,0.707,0.707
2,quadratic-equal,20,tokens,0.127715951245363,0.22257551669316375,0.2983571807101219,0.35135135135135137,4,False,0.052994170641229466,0.003,0.0095,0.208,0.7795,0.7795
2,quadratic-equal,20,tokens_equalised,0.12050000000000001,0.23490740740740743,0.3011543209876543,0.3434382716049383,4,False,0.04228395061728396,0.0015,0.022,0.246,0.7305,0.7305
2,quadratic-early,19,borda,0.11842105263157894,0.2236842105263158,0.3157894736842105,0.34210526315789475,4,False,0.026315789473684237,0.0,0.0205,0.304,0.6755,0.6755
2,quadratic-early,19,copeland,0.0,0.16666666666666666,0.4166666666666667,0.4166666666666667,3,True,0.0,0.0,0.0715,0.447,0.4815,0.447
2,quadratic-early,19,plurality,0.13157894736842105,0.21052631578947367,0.3157894736842105,0.34210526315789475,4,False,0.026315789473684237,0.0195,0.1045,0.4125,0.4635,0.4635
2,quadratic-early,19,qv_equalised,0.13634246089064106,0.22506955700786327,0.3174671190385301,0.32112086306296544,4,False,0.003653744024435357,0.0,0.0065,0.45,0.5435,0.5435
2,quadratic-early,19,qv_votes,0.14087986971731586,0.21363298077822387,0.3156642166791945,0.3298229328252658,4,False,0.014158716146071337,0.0,0.0005,0.366,0.6335,0.6335
2,quadratic-early,19,tokens,0.11069986541049798,0.16790040376850607,0.3253701211305518,0.39602960969044415,4,False,0.07065948855989235,0.0,0.002,0.27,0.728,0.728
2,quadratic-early,19,tokens_equalised,0.10873065015479877,0.21184210526315786,0.3283978328173375,0.3510294117647059,4,False,0.022631578947368447,0.0,0.0155,0.3645,0.62,0.62
2,ranked-equal,18,borda,0.05555555555555555,0.22685185185185186,0.35185185185185186,0.36574074074074076,4,False,0.013888888888888895,0.0,0.0,0.436,0.564,0.564
2,ranked-equal,18,copeland,0.0,0.16666666666666666,0.3333333333333333,0.5,4,False,0.16666666666666669,0.0,0.001,0.459,0.54,0.54
2,ranked-equal,18,plurality,0.0,0.1111111111111111,0.4166666666666667,0.4722222222222222,4,False,0.055555555555555525,0.0,0.0005,0.4365,0.563,0.563
2,ranked-equal,18,qv_equalised,0.10050603585773257,0.22174197011201816,0.32970730061866793,0.3480446934115813,4,False,0.018337392792913354,0.0,0.0,0.3645,0.6355,0.6355
2,ranked-equal,18,qv_votes,0.10269076370114649,0.2199575466976919,0.3217414512353938,0.3556102383657678,4,False,0.033868787130373945,0.0,0.0,0.2425,0.7575,0.7575
2,ranked-equal,18,tokens,0.05507246376811594,0.17797101449275363,0.3426086956521739,0.42434782608695654,4,False,0.08173913043478265,0.0,0.0,0.186,0.814,0.814
2,ranked-equal,18,tokens_equalised,0.05277777777777778,0.17722222222222225,0.3633333333333333,0.40666666666666673,4,False,0.043333333333333446,0.0,0.0,0.33,0.67,0.67
2,ranked-early,18,borda,0.10185185185185185,0.3148148148148148,0.33796296296296297,0.24537037037037038,3,False,0.02314814814814814,0.0005,0.3795,0.6125,0.0075,0.6125
2,ranked-early,18,copeland,0.0,0.3333333333333333,0.5,0.16666666666666666,3,False,0.16666666666666669,0.0015,0.447,0.5435,0.008,0.5435
2,ranked-early,18,plurality,0.16666666666666666,0.3055555555555556,0.4166666666666667,0.1111111111111111,3,False,0.1111111111111111,0.0485,0.287,0.663,0.0015,0.663
2,ranked-early,18,qv_equalised,0.1265550569534166,0.27940739391364783,0.33985437429408655,0.25418317483884906,3,False,0.06044698038043872,0.0,0.102,0.8955,0.0025,0.8955
2,ranked-early,18,qv_votes,0.1563588122771764,0.2696427463719879,0.33136874428935953,0.24262969706147625,3,False,0.061725997917371656,0.0005,0.0325,0.9665,0.0005,0.9665
2,ranked-early,18,tokens,0.15626666666666666,0.2517333333333333,0.39093333333333335,0.20106666666666667,3,False,0.13920000000000005,0.023,0.0115,0.9655,0.0,0.9655
2,ranked-early,18,tokens_equalised,0.10840839520942576,0.2805626374420111,0.38587438493994014,0.22515458240862302,3,False,0.10531174749792904,0.0005,0.0985,0.901,0.0,0.901
