aggregator,ratio,f_high,p_high_modal_wins
tokens,1.0,0.05,0.0
tokens,1.0,0.1,0.0
tokens,1.0,0.15000000000000002,0.0
tokens,1.0,0.2,0.0
tokens,1.0,0.25,0.0
tokens,1.0,0.3,0.0
tokens,1.0,0.35000000000000003,0.0025
tokens,1.0,0.4,0.0
tokens,1.0,0.45,0.0175
tokens,1.0,0.5,0.0375
tokens,2.0,0.05,0.0
tokens,2.0,0.1,0.0
tokens,2.0,0.15000000000000002,0.0
tokens,2.0,0.2,0.0025
tokens,2.0,0.25,0.01
tokens,2.0,0.3,0.02
tokens,2.0,0.35000000000000003,0.06
tokens,2.0,0.4,0.125
tokens,2.0,0.45,0.22
tokens,2.0,0.5,0.3425
tokens,4.0,0.05,0.0
tokens,4.0,0.1,0.005
tokens,4.0,0.15000000000000002,0.015
tokens,4.0,0.2,0.0775
tokens,4.0,0.25,0.1675
tokens,4.0,0.3,0.29
tokens,4.0,0.35000000000000003,0.375
tokens,4.0,0.4,0.475
tokens,4.0,0.45,0.58
tokens,4.0,0.5,0.6875
tokens,8.0,0.05,0.0075
tokens,8.0,0.1,0.1075
tokens,8.0,0.15000000000000002,0.2525
tokens,8.0,0.2,0.405
tokens,8.0,0.25,0.4425
tokens,8.0,0.3,0.5775
tokens,8.0,0.35000000000000003,0.6675
tokens,8.0,0.4,0.725
tokens,8.0,0.45,0.7775
tokens,8.0,0.5,0.8175
tokens,16.0,0.05,0.1575
tokens,16.0,0.1,0.38
tokens,16.0,0.15000000000000002,0.465
tokens,16.0,0.2,0.5525
tokens,16.0,0.25,0.6375
tokens,16.0,0.3,0.7225
tokens,16.0,0.35000000000000003,0.71
tokens,16.0,0.4,0.8075
tokens,16.0,0.45,0.87
tokens,16.0,0.5,0.8825
tokens,32.0,0.05,0.3575
tokens,32.0,0.1,0.5025
tokens,32.0,0.15000000000000002,0.5725
tokens,32.0,0.2,0.665
tokens,32.0,0.25,0.7275
tokens,32.0,0.3,0.77
tokens,32.0,0.35000000000000003,0.8075
tokens,32.0,0.4,0.825
tokens,32.0,0.45,0.8275
tokens,32.0,0.5,0.8975
qv,1.0,0.05,0.0
qv,1.0,0.1,0.0
qv,1.0,0.15000000000000002,0.0
qv,1.0,0.2,0.0
qv,1.0,0.25,0.0
qv,1.0,0.3,0.0
qv,1.0,0.35000000000000003,0.0025
qv,1.0,0.4,0.0075
qv,1.0,0.45,0.01
qv,1.0,0.5,0.03
qv,2.0,0.05,0.0
qv,2.0,0.1,0.0
qv,2.0,0.15000000000000002,0.0
qv,2.0,0.2,0.0
qv,2.0,0.25,0.0
qv,2.0,0.3,0.0
qv,2.0,0.35000000000000003,0.0
qv,2.0,0.4,0.0225
qv,2.0,0.45,0.055
qv,2.0,0.5,0.105
qv,4.0,0.05,0.0
qv,4.0,0.1,0.0
qv,4.0,0.15000000000000002,0.0
qv,4.0,0.2,0.005
qv,4.0,0.25,0.0025
qv,4.0,0.3,0.02
qv,4.0,0.35000000000000003,0.0475
qv,4.0,0.4,0.0875
qv,4.0,0.45,0.2075
qv,4.0,0.5,0.2525
qv,8.0,0.05,0.0
qv,8.0,0.1,0.0
qv,8.0,0.15000000000000002,0.0025
qv,8.0,0.2,0.01
qv,8.0,0.25,0.0375
qv,8.0,0.3,0.08
qv,8.0,0.35000000000000003,0.14
qv,8.0,0.4,0.285
qv,8.0,0.45,0.3425
qv,8.0,0.5,0.53
qv,16.0,0.05,0.0
qv,16.0,0.1,0.0
qv,16.0,0.15000000000000002,0.025
qv,16.0,0.2,0.0675
qv,16.0,0.25,0.1575
qv,16.0,0.3,0.27
qv,16.0,0.35000000000000003,0.3
qv,16.0,0.4,0.4675
qv,16.0,0.45,0.59
qv,16.0,0.5,0.66
qv,32.0,0.05,0.0
qv,32.0,0.1,0.0225
qv,32.0,0.15000000000000002,0.0925
qv,32.0,0.2,0.17
qv,32.0,0.25,0.2625
qv,32.0,0.3,0.43
qv,32.0,0.35000000000000003,0.52
qv,32.0,0.4,0.5925
qv,32.0,0.45,0.7
qv,32.0,0.5,0.7225
equal,1.0,0.05,0.0
equal,1.0,0.1,0.0
equal,1.0,0.15000000000000002,0.0
equal,1.0,0.2,0.0
equal,1.0,0.25,0.0
equal,1.0,0.3,0.0
equal,1.0,0.35000000000000003,0.0025
equal,1.0,0.4,0.005
equal,1.0,0.45,0.0175
equal,1.0,0.5,0.0375
equal,2.0,0.05,0.0
equal,2.0,0.1,0.0
equal,2.0,0.15000000000000002,0.0
equal,2.0,0.2,0.0
equal,2.0,0.25,0.0
equal,2.0,0.3,0.0
equal,2.0,0.35000000000000003,0.0
equal,2.0,0.4,0.0025
equal,2.0,0.45,0.0175
equal,2.0,0.5,0.035
equal,4.0,0.05,0.0
equal,4.0,0.1,0.0
equal,4.0,0.15000000000000002,0.0
equal,4.0,0.2,0.0
equal,4.0,0.25,0.0
equal,4.0,0.3,0.0
equal,4.0,0.35000000000000003,0.0
equal,4.0,0.4,0.0025
equal,4.0,0.45,0.0075
equal,4.0,0.5,0.0275
equal,8.0,0.05,0.0
equal,8.0,0.1,0.0
equal,8.0,0.15000000000000002,0.0
equal,8.0,0.2,0.0
equal,8.0,0.25,0.0
equal,8.0,0.3,0.0025
equal,8.0,0.35000000000000003,0.0
equal,8.0,0.4,0.0075
equal,8.0,0.45,0.01
equal,8.0,0.5,0.04
equal,16.0,0.05,0.0
equal,16.0,0.1,0.0
equal,16.0,0.15000000000000002,0.0
equal,16.0,0.2,0.0
equal,16.0,0.25,0.0
equal,16.0,0.3,0.0
equal,16.0,0.35000000000000003,0.0075
equal,16.0,0.4,0.015
equal,16.0,0.45,0.015
equal,16.0,0.5,0.0375
equal,32.0,0.05,0.0
equal,32.0,0.1,0.0
equal,32.0,0.15000000000000002,0.0
equal,32.0,0.2,0.0
equal,32.0,0.25,0.0
equal,32.0,0.3,0.0
equal,32.0,0.35000000000000003,0.0
equal,32.0,0.4,0.0075
equal,32.0,0.45,0.0175
equal,32.0,0.5,0.0175
