voter,rule,budget_ok,hhi,hhi_expressive,hhi_qv_rational,hhi_linear_rational,loglog_slope,share_on_top_valued,n_nonzero
V01,qv,True,0.2698,0.27023319615912206,0.34056533278363266,1.0,0.9791699466771726,0.37,4
V02,qv,True,0.284,0.2831632653061225,0.3539079620160701,1.0,1.0163071042397582,0.36,4
V03,qv,True,0.3398,0.3429752066115702,0.4593554942662217,1.0,0.9544481704243297,0.45,4
V04,qv,True,0.34,0.34,0.5692041522491351,1.0,0.9999999999999994,0.5,4
V05,qv,True,0.49660000000000004,0.4921875,0.6693121693121692,1.0,1.0210456018927976,0.63,3
V06,qv,True,0.3074,0.3099173553719008,0.48719999999999997,1.0,0.9772601169610992,0.45,4
V07,qv,True,0.3944,0.39229024943310653,0.47368772762203887,1.0,1.0217821151958293,0.48,3
V08,qv,True,0.5576,0.5510204081632654,0.860082304526749,1.0,1.0175035499965885,0.72,3
V09,qv,True,0.3206,0.3194444444444444,0.4243856332703213,1.0,1.021326814280033,0.42,4
V10,qv,True,0.3812,0.384297520661157,0.4791883454734651,1.0,0.9674927620207854,0.45,4
V11,qv,True,0.3294,0.32879818594104304,0.5182877526753865,1.0,0.9724020972045788,0.48,4
V12,qv,True,0.31099999999999994,0.3090277777777778,0.4116273197828557,1.0,1.0292768131057872,0.42,4
V13,qv,True,0.3664,0.36507936507936506,0.4598973805022954,1.0,1.0119465606085547,0.48,3
V14,qv,True,0.2998,0.29678638941398866,0.45182360339161826,1.0,1.0349872742749802,0.44,4
V15,qv,True,0.3016,0.29846938775510207,0.37815033968880124,0.5,1.0545096834021834,0.72,4
V16,qv,True,0.32220000000000004,0.3197278911564625,0.5328202806699864,1.0,1.019212319722957,0.48,4
V17,qv,True,0.49660000000000004,0.4921875,0.6693121693121692,1.0,1.0210456018927974,0.63,3
V18,qv,True,0.39580000000000004,0.3905817174515235,0.5690357627885921,1.0,1.0315139826896285,0.53,4
V19,qv,True,0.6800000000000002,0.47404844290657444,0.6018967446321061,1.0,,0.8,2
V20,qv,True,1.0,0.5510204081632654,0.8600823045267489,1.0,,1.0,1
V21,qv,True,0.625,0.36054421768707484,0.49377002491990024,1.0,,0.75,2
V22,qv,True,1.0,0.4453125,0.7770083102493074,1.0,,1.0,1
V23,qv,True,0.6800000000000002,0.35500000000000004,0.5396746677246578,1.0,,0.8,2
V24,qv,True,0.625,0.3119092627599244,0.4384573002754821,1.0,,0.75,2
V01,linear,True,0.2698,0.27023319615912206,0.34056533278363266,1.0,0.9791699466771726,0.37,4
V02,linear,True,0.284,0.2831632653061225,0.3539079620160701,1.0,1.0163071042397582,0.36,4
V03,linear,True,0.3398,0.3429752066115702,0.4593554942662217,1.0,0.9544481704243297,0.45,4
V04,linear,True,0.34,0.34,0.5692041522491351,1.0,0.9999999999999994,0.5,4
V05,linear,True,0.49660000000000004,0.4921875,0.6693121693121692,1.0,1.0210456018927976,0.63,3
V06,linear,True,0.3074,0.3099173553719008,0.48719999999999997,1.0,0.9772601169610992,0.45,4
V07,linear,True,0.3944,0.39229024943310653,0.47368772762203887,1.0,1.0217821151958293,0.48,3
V08,linear,True,0.5576,0.5510204081632654,0.860082304526749,1.0,1.0175035499965885,0.72,3
V09,linear,True,0.3206,0.3194444444444444,0.4243856332703213,1.0,1.021326814280033,0.42,4
V10,linear,True,0.3812,0.384297520661157,0.4791883454734651,1.0,0.9674927620207854,0.45,4
V11,linear,True,0.3322,0.32879818594104304,0.5182877526753865,1.0,1.0402287837659834,0.48,4
V12,linear,True,0.31099999999999994,0.3090277777777778,0.4116273197828557,1.0,1.0292768131057872,0.42,4
V13,linear,True,0.3674,0.36507936507936506,0.4598973805022954,1.0,1.0451646630562688,0.48,3
V14,linear,True,0.2998,0.29678638941398866,0.45182360339161826,1.0,1.0349872742749802,0.44,4
V15,linear,True,0.2966,0.29846938775510207,0.37815033968880124,0.5,0.9740349979807501,0.71,4
V16,linear,True,0.32220000000000004,0.3197278911564625,0.5328202806699864,1.0,1.019212319722957,0.48,4
V17,linear,True,0.49660000000000004,0.4921875,0.6693121693121692,1.0,1.0210456018927974,0.63,3
V18,linear,True,0.39580000000000004,0.3905817174515235,0.5690357627885921,1.0,1.0315139826896285,0.53,4
V19,linear,True,0.47419999999999995,0.47404844290657444,0.6018967446321061,1.0,0.9904972018585478,0.59,3
V20,linear,True,0.5461999999999999,0.5510204081632654,0.8600823045267489,1.0,0.987379568609267,0.71,3
V21,linear,True,0.3614,0.36054421768707484,0.49377002491990024,1.0,0.9813071255739229,0.48,4
V22,linear,True,0.451,0.4453125,0.7770083102493074,1.0,1.0237490576593615,0.63,4
V23,linear,True,0.35500000000000004,0.35500000000000004,0.5396746677246578,1.0,1.0000000000000007,0.5,4
V24,linear,True,0.309,0.3119092627599244,0.4384573002754821,1.0,0.9708238244395697,0.43,4
