attacker_fraction,k,rule,attacker_share
0.0,4,qv,0.0
0.005,4,qv,0.009950248756218905
0.01,4,qv,0.019801980198019802
0.015,4,qv,0.029556650246305414
0.02,4,qv,0.0392156862745098
0.025,4,qv,0.048780487804878044
0.03,4,qv,0.058252427184466014
0.035,4,qv,0.06763285024154589
0.04,4,qv,0.07692307692307693
0.045,4,qv,0.08612440191387558
0.05,4,qv,0.09523809523809523
0.055,4,qv,0.10426540284360188
0.06,4,qv,0.11320754716981131
0.065,4,qv,0.12206572769953053
0.07,4,qv,0.13084112149532712
0.075,4,qv,0.13953488372093023
0.08,4,qv,0.14814814814814817
0.085,4,qv,0.1566820276497696
0.09,4,qv,0.1651376146788991
0.095,4,qv,0.17351598173515984
0.1,4,qv,0.18181818181818185
0.105,4,qv,0.19004524886877827
0.11,4,qv,0.19819819819819823
0.115,4,qv,0.2062780269058296
0.12,4,qv,0.21428571428571425
0.125,4,qv,0.2222222222222222
0.13,4,qv,0.23008849557522126
0.135,4,qv,0.2378854625550661
0.14,4,qv,0.24561403508771928
0.145,4,qv,0.25327510917030566
0.15,4,qv,0.26086956521739124
0.155,4,qv,0.2683982683982684
0.16,4,qv,0.27586206896551724
0.165,4,qv,0.2832618025751073
0.17,4,qv,0.29059829059829057
0.17500000000000002,4,qv,0.29787234042553196
0.18,4,qv,0.3050847457627119
0.185,4,qv,0.3122362869198312
0.19,4,qv,0.319327731092437
0.195,4,qv,0.3263598326359833
0.2,4,qv,0.33333333333333337
0.20500000000000002,4,qv,0.34024896265560167
0.21,4,qv,0.34710743801652894
0.215,4,qv,0.3539094650205762
0.22,4,qv,0.36065573770491804
0.225,4,qv,0.3673469387755103
0.23,4,qv,0.3739837398373984
0.23500000000000001,4,qv,0.38056680161943324
0.24,4,qv,0.3870967741935484
0.245,4,qv,0.393574297188755
0.25,4,qv,0.4
0.255,4,qv,0.4063745019920319
0.26,4,qv,0.41269841269841273
0.265,4,qv,0.41897233201581024
0.27,4,qv,0.4251968503937008
0.275,4,qv,0.4313725490196079
0.28,4,qv,0.43750000000000006
0.28500000000000003,4,qv,0.44357976653696496
0.29,4,qv,0.44961240310077516
0.295,4,qv,0.4555984555984556
0.3,4,qv,0.4615384615384615
0.305,4,qv,0.4674329501915709
0.31,4,qv,0.47328244274809156
0.315,4,qv,0.47908745247148293
0.32,4,qv,0.48484848484848486
0.325,4,qv,0.4905660377358491
0.33,4,qv,0.49624060150375937
0.335,4,qv,0.50187265917603
0.34,4,qv,0.5074626865671642
0.34500000000000003,4,qv,0.513011152416357
0.35000000000000003,4,qv,0.5185185185185185
0.355,4,qv,0.5239852398523985
0.36,4,qv,0.5294117647058824
0.365,4,qv,0.5347985347985348
0.37,4,qv,0.5401459854014599
0.375,4,qv,0.5454545454545454
0.38,4,qv,0.5507246376811594
0.385,4,qv,0.555956678700361
0.39,4,qv,0.5611510791366906
0.395,4,qv,0.5663082437275986
0.4,4,qv,0.5714285714285715
0.0,16,qv,0.0
0.005,16,qv,0.019704433497536943
0.01,16,qv,0.038834951456310676
0.015,16,qv,0.05741626794258372
0.02,16,qv,0.07547169811320754
0.025,16,qv,0.09302325581395347
0.03,16,qv,0.11009174311926605
0.035,16,qv,0.12669683257918551
0.04,16,qv,0.14285714285714288
0.045,16,qv,0.15859030837004404
0.05,16,qv,0.1739130434782609
0.055,16,qv,0.18884120171673818
0.06,16,qv,0.2033898305084746
0.065,16,qv,0.21757322175732216
0.07,16,qv,0.23140495867768598
0.075,16,qv,0.24489795918367344
0.08,16,qv,0.25806451612903225
0.085,16,qv,0.27091633466135456
0.09,16,qv,0.2834645669291339
0.095,16,qv,0.29571984435797666
0.1,16,qv,0.30769230769230776
0.105,16,qv,0.3193916349809886
0.11,16,qv,0.33082706766917297
0.115,16,qv,0.34200743494423796
0.12,16,qv,0.35294117647058826
0.125,16,qv,0.36363636363636365
0.13,16,qv,0.37410071942446044
0.135,16,qv,0.3843416370106762
0.14,16,qv,0.3943661971830986
0.145,16,qv,0.4041811846689895
0.15,16,qv,0.4137931034482758
0.155,16,qv,0.42320819112627983
0.16,16,qv,0.4324324324324324
0.165,16,qv,0.4414715719063545
0.17,16,qv,0.45033112582781454
0.17500000000000002,16,qv,0.45901639344262296
0.18,16,qv,0.4675324675324675
0.185,16,qv,0.4758842443729904
0.19,16,qv,0.4840764331210191
0.195,16,qv,0.49211356466876977
0.2,16,qv,0.5
0.20500000000000002,16,qv,0.5077399380804954
0.21,16,qv,0.5153374233128835
0.215,16,qv,0.5227963525835867
0.22,16,qv,0.5301204819277109
0.225,16,qv,0.537313432835821
0.23,16,qv,0.5443786982248521
0.23500000000000001,16,qv,0.5513196480938417
0.24,16,qv,0.5581395348837209
0.245,16,qv,0.5648414985590778
0.25,16,qv,0.5714285714285714
0.255,16,qv,0.5779036827195467
0.26,16,qv,0.5842696629213483
0.265,16,qv,0.5905292479108636
0.27,16,qv,0.5966850828729282
0.275,16,qv,0.6027397260273972
0.28,16,qv,0.6086956521739131
0.28500000000000003,16,qv,0.6145552560646901
0.29,16,qv,0.6203208556149732
0.295,16,qv,0.6259946949602122
0.3,16,qv,0.631578947368421
0.305,16,qv,0.6370757180156659
0.31,16,qv,0.6424870466321243
0.315,16,qv,0.647814910025707
0.32,16,qv,0.6530612244897959
0.325,16,qv,0.6582278481012659
0.33,16,qv,0.6633165829145728
0.335,16,qv,0.6683291770573567
0.34,16,qv,0.6732673267326732
0.34500000000000003,16,qv,0.6781326781326783
0.35000000000000003,16,qv,0.6829268292682926
0.355,16,qv,0.6876513317191283
0.36,16,qv,0.6923076923076923
0.365,16,qv,0.6968973747016707
0.37,16,qv,0.7014218009478673
0.375,16,qv,0.7058823529411765
0.38,16,qv,0.7102803738317757
0.385,16,qv,0.7146171693735498
0.39,16,qv,0.7188940092165899
0.395,16,qv,0.7231121281464531
0.4,16,qv,0.7272727272727273
0.0,1,qv,0.0
0.005,1,qv,0.005000000000000001
0.01,1,qv,0.01
0.015,1,qv,0.015000000000000001
0.02,1,qv,0.02
0.025,1,qv,0.025000000000000005
0.03,1,qv,0.03
0.035,1,qv,0.03500000000000001
0.04,1,qv,0.04
0.045,1,qv,0.045000000000000005
0.05,1,qv,0.05
0.055,1,qv,0.05500000000000001
0.06,1,qv,0.06
0.065,1,qv,0.065
0.07,1,qv,0.07
0.075,1,qv,0.075
0.08,1,qv,0.08
0.085,1,qv,0.085
0.09,1,qv,0.09
0.095,1,qv,0.095
0.1,1,qv,0.1
0.105,1,qv,0.105
0.11,1,qv,0.11
0.115,1,qv,0.115
0.12,1,qv,0.12
0.125,1,qv,0.125
0.13,1,qv,0.13000000000000003
0.135,1,qv,0.135
0.14,1,qv,0.14
0.145,1,qv,0.145
0.15,1,qv,0.15000000000000002
0.155,1,qv,0.155
0.16,1,qv,0.16000000000000003
0.165,1,qv,0.165
0.17,1,qv,0.17000000000000004
0.17500000000000002,1,qv,0.17500000000000002
0.18,1,qv,0.18
0.185,1,qv,0.185
0.19,1,qv,0.19
0.195,1,qv,0.195
0.2,1,qv,0.2
0.20500000000000002,1,qv,0.20500000000000002
0.21,1,qv,0.21
0.215,1,qv,0.215
0.22,1,qv,0.22
0.225,1,qv,0.225
0.23,1,qv,0.23
0.23500000000000001,1,qv,0.23500000000000001
0.24,1,qv,0.24
0.245,1,qv,0.245
0.25,1,qv,0.25
0.255,1,qv,0.25500000000000006
0.26,1,qv,0.26
0.265,1,qv,0.265
0.27,1,qv,0.27
0.275,1,qv,0.2750000000000001
0.28,1,qv,0.28
0.28500000000000003,1,qv,0.28500000000000003
0.29,1,qv,0.29
0.295,1,qv,0.295
0.3,1,qv,0.3
0.305,1,qv,0.305
0.31,1,qv,0.31
0.315,1,qv,0.315
0.32,1,qv,0.32
0.325,1,qv,0.325
0.33,1,qv,0.33
0.335,1,qv,0.335
0.34,1,qv,0.34
0.34500000000000003,1,qv,0.34500000000000003
0.35000000000000003,1,qv,0.35000000000000003
0.355,1,qv,0.355
0.36,1,qv,0.36000000000000004
0.365,1,qv,0.365
0.37,1,qv,0.37
0.375,1,qv,0.375
0.38,1,qv,0.38000000000000006
0.385,1,qv,0.385
0.39,1,qv,0.39
0.395,1,qv,0.395
0.4,1,qv,0.4000000000000001
